"","Gp4","Acidimicrobiales_unclassified","Iamia","Actinobacteria_unclassified","Actinobaculum","Actinomyces","Actinomycetaceae_unclassified","Actinomycetales_unclassified","Actinopolyspora","Tropheryma","Corynebacteriaceae_unclassified","Corynebacterium","Dermacoccaceae_unclassified","Kytococcus","Yimella","Blastococcus","Geodermatophilaceae_unclassified","Intrasporangiaceae_unclassified","Janibacter","Curtobacterium","Microbacteriaceae_unclassified","Microbacterium","Kocuria","Micrococcaceae_unclassified","Micrococcus","Nesterenkonia","Rothia","Mycobacterium","Gordonia","Marmoricola","Nocardioidaceae_unclassified","Nocardioides","Nocardiopsis","Friedmanniella","Propionibacteriaceae_unclassified","Propionibacterium","Pseudonocardia","Pseudonocardiaceae_unclassified","Metascardovia","Atopobium","Olsenella","Slackia","Solirubrobacterales_unclassified","Bacteroidetes_incertae_sedis_family_incertae_sedis_unclassified","Bacteroidetes_unclassified","Bacteroidales_unclassified","Porphyromonadaceae_unclassified","Paludibacter","Porphyromonas","Tannerella","Prevotellaceae_unclassified","Hallella","Paraprevotella","Prevotella","Sphingobacteriales_unclassified","Cytophagaceae_unclassified","Hymenobacter","Pontibacter","Pedobacter","Capnocytophaga","Flavobacteriaceae_unclassified","Flavobacterium","Deinococcaceae_unclassified","Deinococcus","Deinococcales_unclassified","Fusobacteriaceae_unclassified","Fusobacterium","Leptotrichiaceae_unclassified","Leptotrichia","Proteobacteria_unclassified","Alphaproteobacteria_unclassified","Brevundimonas","Caulobacter","Phenylobacterium","Aurantimonas","Bradyrhizobium","Devosia","Methylobacterium","Phyllobacteriaceae_unclassified","Ensifer","Rhizobium","Rhizobiales_unclassified","Amaricoccus","Paracoccus","Rhodobacteraceae_unclassified","Rubellimicrobium","Stappia","Betaproteobacteria_unclassified","Achromobacter","Alcaligenaceae_unclassified","Alcaligenes","Burkholderia","Burkholderiaceae_unclassified","Ralstonia","Burkholderiales_incertae_sedis_unclassified","Mitsuaria","Tepidimonas","Burkholderiales_unclassified","Comamonadaceae_unclassified","Comamonas","Delftia","Hydrogenophaga","Limnohabitans","Roseateles","Schlegelella","Herbaspirillum","Janthinobacterium","Massilia","Naxibacter","Oxalobacteraceae_unclassified","Methylophilaceae_unclassified","Bergeriella","Kingella","Neisseria","Neisseriaceae_unclassified","Shinella","Uliginosibacterium","Citrobacter","Enterobacteriaceae_unclassified","Escherichia_Shigella","Morganella","Proteus","Aeromonas","Cardiobacterium","Gammaproteobacteria_unclassified","Alcanivorax","Halomonas","Oceanospirillales_unclassified","Aggregatibacter","Haemophilus","Pasteurellaceae_unclassified","Acinetobacter","Alkanindiges","Enhydrobacter","Moraxella","Moraxellaceae_unclassified","Psychrobacter","Cellvibrio","Pseudomonadaceae_unclassified","Pseudomonas","Serpens","Pseudomonadales_unclassified","Stenotrophomonas","Thermomonas","Xanthomonadaceae_unclassified","Treponema","Mycoplasma","Bacteria_unclassified","Tumebacillus","Bacillaceae_2_unclassified","Salimicrobium","Gemella","Exiguobacterium","Bacillales_unclassified","Cohnella","Planococcaceae_unclassified","Planococcus","Jeotgalicoccus","Nosocomiicoccus","Salinicoccus","Staphylococcaceae_unclassified","Staphylococcus","Shimazuella","Thermoactinomycetaceae_1_unclassified","Bacilli_unclassified","Abiotrophia","Aerococcaceae_unclassified","Atopostipes","Carnobacteriaceae_unclassified","Carnobacterium","Dolosigranulum","Granulicatella","Lactobacillaceae_unclassified","Lactobacillus","Lactobacillales_unclassified","Leuconostoc","Streptococcaceae_unclassified","Streptococcus","Clostridia_unclassified","Clostridiaceae_1_unclassified","Proteiniclasticum","Anaerococcus","Finegoldia","Parvimonas","Peptoniphilus","Mogibacterium","Clostridiales_unclassified","Eubacteriaceae_unclassified","Eubacterium","Blautia","Catonella","Lachnobacterium","Lachnospiraceae_unclassified","Moryella","Oribacterium","Peptococcaceae_1_unclassified","Filifactor","Peptostreptococcaceae_incertae_sedis","Peptostreptococcus","Ruminococcaceae_unclassified","Bulleidia","Solobacterium","Firmicutes_unclassified","Selenomonadales_unclassified","Anaerovibrio","Centipeda","Dialister","Megasphaera","Mitsuokella","Selenomonas","Veillonella","Veillonellaceae_unclassified","TM7_genus_incertae_sedis"
"29-B1",0.0,0.0,0.0,0.0,0.0,0.012345679012345678,0.018518518518518517,0.1419753086419753,0.006172839506172839,0.0,0.0,0.0,0.0,0.0,0.0,0.0,0.006172839506172839,0.0,0.0,0.0,0.0,0.0,0.0,0.1111111111111111,0.018518518518518517,0.0,0.030864197530864196,0.0,0.0,0.0,0.0,0.006172839506172839,0.0,0.0,0.006172839506172839,0.037037037037037035,0.0,0.0,0.0,0.0,0.0,0.0,0.0,0.0,0.0,0.0,0.0,0.0,0.0,0.0,0.0,0.0,0.0,0.006172839506172839,0.0,0.0,0.0,0.0,0.0,0.0,0.0,0.0,0.0,0.0,0.0,0.0,0.0,0.0,0.0,0.0,0.0,0.0,0.0,0.0,0.0,0.0,0.0,0.0,0.0,0.0,0.0,0.0,0.043209876543209874,0.0,0.0,0.0,0.0,0.0,0.0,0.0,0.0,0.0,0.0,0.006172839506172839,0.0,0.0,0.0,0.018518518518518517,0.006172839506172839,0.0,0.0,0.0,0.0,0.0,0.0,0.0,0.0,0.006172839506172839,0.0,0.0,0.006172839506172839,0.0,0.0,0.0,0.0,0.0,0.0,0.0,0.006172839506172839,0.0,0.0,0.0,0.0,0.0,0.0,0.0,0.0,0.0,0.0,0.0,0.0,0.012345679012345678,0.0,0.0,0.0,0.012345679012345678,0.0,0.0,0.006172839506172839,0.0,0.0,0.0,0.0,0.0,0.0,0.0,0.0,0.0,0.0,0.0,0.0,0.030864197530864196,0.0,0.0,0.0,0.0,0.0,0.0,0.0,0.0,0.0,0.0,0.0,0.0,0.06172839506172839,0.0,0.0,0.0,0.0,0.0,0.0,0.006172839506172839,0.012345679012345678,0.012345679012345678,0.13580246913580246,0.0,0.09876543209876543,0.07407407407407407,0.0,0.0,0.0,0.0,0.0,0.0,0.0,0.0,0.0,0.0,0.0,0.0,0.0,0.0,0.0,0.0,0.006172839506172839,0.0,0.0,0.0,0.0,0.0,0.0,0.0,0.030864197530864196,0.0,0.0,0.0,0.0,0.0,0.0,0.0,0.006172839506172839,0.0,0.0
"30-B1",0.0,0.0,0.0,0.0,0.0,0.01276595744680851,0.01702127659574468,0.05106382978723404,0.0,0.0,0.00425531914893617,0.00425531914893617,0.0,0.0,0.0,0.0,0.0,0.0,0.0,0.0,0.00851063829787234,0.0,0.0,0.00425531914893617,0.0,0.0,0.00851063829787234,0.0,0.0,0.0,0.0,0.0,0.0,0.0,0.00425531914893617,0.04680851063829787,0.0,0.0,0.0,0.00425531914893617,0.0,0.00425531914893617,0.0,0.0,0.0,0.01702127659574468,0.0,0.0,0.00425531914893617,0.0,0.01702127659574468,0.0,0.0,0.04680851063829787,0.0,0.0,0.0,0.0,0.0,0.00851063829787234,0.00425531914893617,0.0,0.0,0.0,0.0,0.01276595744680851,0.029787234042553193,0.0,0.0,0.0,0.0,0.00425531914893617,0.00425531914893617,0.0,0.0,0.0,0.0,0.0,0.0,0.0,0.0,0.0,0.0,0.0,0.0,0.0,0.0,0.0,0.0,0.00425531914893617,0.00425531914893617,0.00425531914893617,0.0,0.00425531914893617,0.0,0.0,0.0,0.0,0.00425531914893617,0.0,0.0,0.0,0.0,0.0,0.0,0.0,0.00425531914893617,0.0,0.0,0.0,0.0,0.0,0.0,0.0,0.0,0.0,0.0,0.0,0.0,0.0,0.0,0.0,0.0,0.0,0.0,0.01702127659574468,0.0,0.0,0.0,0.0,0.00425531914893617,0.00851063829787234,0.0,0.00851063829787234,0.0,0.00425531914893617,0.0,0.01276595744680851,0.00425531914893617,0.00425531914893617,0.0,0.0,0.0,0.0,0.0,0.00425531914893617,0.0,0.02127659574468085,0.0,0.0,0.0,0.09787234042553192,0.0,0.0,0.0,0.0,0.0,0.0,0.0,0.0,0.0,0.0,0.0,0.0,0.02127659574468085,0.00425531914893617,0.0,0.0,0.00425531914893617,0.0,0.0,0.01702127659574468,0.0,0.0,0.05531914893617021,0.0,0.05106382978723404,0.05531914893617021,0.00851063829787234,0.0,0.0,0.0,0.0,0.07234042553191489,0.00425531914893617,0.01702127659574468,0.02127659574468085,0.0,0.00851063829787234,0.0,0.00425531914893617,0.0,0.00425531914893617,0.00851063829787234,0.02127659574468085,0.0,0.0,0.0,0.0,0.0,0.00425531914893617,0.00425531914893617,0.02553191489361702,0.0,0.0,0.0,0.00425531914893617,0.00425531914893617,0.0,0.00425531914893617,0.029787234042553193,0.0,0.01276595744680851
"31-B2",0.0,0.0,0.0,0.0,0.003401360544217687,0.027210884353741496,0.013605442176870748,0.11904761904761904,0.0,0.0,0.01020408163265306,0.02040816326530612,0.0,0.0,0.0,0.0,0.0,0.0,0.0,0.0,0.003401360544217687,0.0,0.0,0.01020408163265306,0.013605442176870748,0.0,0.003401360544217687,0.0,0.0,0.0,0.003401360544217687,0.0,0.0,0.0,0.030612244897959183,0.02040816326530612,0.0,0.0,0.0,0.003401360544217687,0.006802721088435374,0.0,0.0,0.0,0.0,0.003401360544217687,0.006802721088435374,0.023809523809523808,0.006802721088435374,0.006802721088435374,0.02040816326530612,0.0,0.0,0.05102040816326531,0.0,0.0,0.0,0.0,0.0,0.030612244897959183,0.006802721088435374,0.0,0.0,0.0,0.0,0.006802721088435374,0.03741496598639456,0.0,0.01020408163265306,0.0,0.0,0.006802721088435374,0.0,0.0,0.0,0.0,0.0,0.0,0.0,0.0,0.0,0.003401360544217687,0.0,0.003401360544217687,0.003401360544217687,0.0,0.0,0.006802721088435374,0.0,0.0,0.003401360544217687,0.003401360544217687,0.0,0.003401360544217687,0.0,0.0,0.0,0.0,0.01020408163265306,0.0,0.0,0.0,0.0,0.0,0.0,0.0,0.0,0.0,0.0,0.0,0.0,0.0,0.0,0.003401360544217687,0.003401360544217687,0.0,0.0,0.0,0.0,0.0,0.0,0.0,0.0,0.023809523809523808,0.003401360544217687,0.0,0.0,0.0,0.006802721088435374,0.0,0.006802721088435374,0.006802721088435374,0.0,0.0,0.003401360544217687,0.003401360544217687,0.0,0.0,0.003401360544217687,0.0,0.0,0.0,0.0,0.0,0.0,0.013605442176870748,0.003401360544217687,0.030612244897959183,0.0,0.0,0.0,0.006802721088435374,0.0,0.003401360544217687,0.0,0.003401360544217687,0.0,0.0,0.0,0.0,0.0,0.003401360544217687,0.0,0.01020408163265306,0.0,0.0,0.0,0.0,0.0,0.0,0.0,0.0,0.0,0.0,0.0,0.0,0.006802721088435374,0.01020408163265306,0.006802721088435374,0.0,0.0,0.0,0.0,0.0,0.0,0.0,0.02040816326530612,0.0,0.003401360544217687,0.0,0.003401360544217687,0.023809523809523808,0.06802721088435375,0.0,0.0,0.003401360544217687,0.0,0.0,0.003401360544217687,0.0,0.0,0.0,0.003401360544217687,0.0,0.0,0.013605442176870748,0.0,0.0,0.006802721088435374,0.017006802721088437,0.027210884353741496,0.05782312925170068,0.04081632653061224
"32-B3",0.0,0.0,0.0,0.0,0.0,0.007434944237918215,0.011152416356877323,0.10037174721189591,0.0,0.0,0.0,0.0,0.0,0.0,0.0,0.0,0.0,0.0,0.0,0.0,0.01858736059479554,0.0,0.0,0.026022304832713755,0.0,0.0037174721189591076,0.007434944237918215,0.0,0.0,0.0,0.0,0.0,0.0,0.0,0.0037174721189591076,0.04460966542750929,0.0,0.0,0.0,0.007434944237918215,0.0,0.0,0.0,0.0,0.007434944237918215,0.026022304832713755,0.0,0.0,0.0,0.0,0.048327137546468404,0.0,0.0,0.06691449814126393,0.0,0.0,0.0,0.0,0.0,0.0037174721189591076,0.0,0.0,0.0,0.0,0.0,0.0,0.011152416356877323,0.0,0.0,0.0,0.011152416356877323,0.0037174721189591076,0.0,0.0,0.0,0.0,0.007434944237918215,0.0,0.0,0.0,0.0,0.0,0.0,0.0,0.0,0.0,0.0037174721189591076,0.0037174721189591076,0.0,0.0,0.0,0.0037174721189591076,0.007434944237918215,0.011152416356877323,0.0,0.0037174721189591076,0.0,0.0037174721189591076,0.0037174721189591076,0.0,0.0,0.0,0.0,0.0037174721189591076,0.0,0.0,0.0,0.0,0.0,0.0037174721189591076,0.0,0.0,0.0,0.0,0.0,0.0,0.0,0.0,0.0,0.0,0.0,0.0,0.0,0.0,0.0,0.0,0.011152416356877323,0.0,0.0,0.0,0.0037174721189591076,0.011152416356877323,0.0,0.0,0.0,0.0,0.022304832713754646,0.0,0.0,0.0,0.0,0.0,0.0,0.0,0.0,0.007434944237918215,0.0,0.01858736059479554,0.0,0.0,0.0,0.007434944237918215,0.0,0.0,0.0,0.0,0.0,0.0,0.0,0.0,0.0037174721189591076,0.011152416356877323,0.0,0.0,0.0037174721189591076,0.0037174721189591076,0.022304832713754646,0.0,0.0,0.0,0.0,0.0037174721189591076,0.0,0.0,0.011152416356877323,0.0,0.040892193308550186,0.03345724907063197,0.007434944237918215,0.0,0.0,0.026022304832713755,0.0,0.040892193308550186,0.0037174721189591076,0.0037174721189591076,0.022304832713754646,0.0037174721189591076,0.011152416356877323,0.0,0.011152416356877323,0.0,0.0037174721189591076,0.007434944237918215,0.03345724907063197,0.0,0.0,0.0,0.01486988847583643,0.0,0.007434944237918215,0.011152416356877323,0.03345724907063197,0.0,0.0,0.0,0.0037174721189591076,0.0037174721189591076,0.0,0.0037174721189591076,0.02973977695167286,0.0,0.03717472118959108
"33-B1",0.0,0.0,0.006493506493506494,0.012987012987012988,0.0,0.0,0.0,0.16233766233766234,0.0,0.0,0.012987012987012988,0.032467532467532464,0.0,0.0,0.0,0.0,0.01948051948051948,0.0,0.0,0.03896103896103896,0.012987012987012988,0.0,0.0,0.0,0.0,0.0,0.006493506493506494,0.0,0.0,0.0,0.0,0.0,0.0,0.0,0.025974025974025976,0.1038961038961039,0.0,0.0,0.0,0.0,0.0,0.0,0.0,0.0,0.0,0.0,0.0,0.0,0.006493506493506494,0.0,0.0,0.0,0.0,0.0,0.0,0.0,0.0,0.0,0.006493506493506494,0.006493506493506494,0.0,0.0,0.0,0.0,0.0,0.0,0.0,0.0,0.0,0.0,0.0,0.0,0.0,0.0,0.0,0.006493506493506494,0.0,0.006493506493506494,0.0,0.0,0.0,0.0,0.0,0.0,0.0,0.0,0.0,0.0,0.0,0.0,0.0,0.012987012987012988,0.0,0.006493506493506494,0.0,0.0,0.0,0.01948051948051948,0.006493506493506494,0.0,0.0,0.0,0.0,0.006493506493506494,0.0,0.0,0.0,0.012987012987012988,0.0,0.01948051948051948,0.0,0.0,0.0,0.0,0.006493506493506494,0.0,0.0,0.0,0.0,0.0,0.0,0.0,0.0,0.0,0.0,0.0,0.0,0.0,0.0,0.0,0.0,0.025974025974025976,0.0,0.0,0.06493506493506493,0.18831168831168832,0.0,0.0,0.0,0.006493506493506494,0.0,0.0,0.0,0.0,0.0,0.0,0.0,0.012987012987012988,0.0,0.0,0.0,0.0,0.0,0.012987012987012988,0.0,0.0,0.0,0.0,0.0,0.0,0.0,0.01948051948051948,0.0,0.0,0.0,0.0,0.0,0.0,0.0,0.0,0.0,0.0,0.0,0.0,0.0,0.03896103896103896,0.006493506493506494,0.012987012987012988,0.0,0.0,0.0,0.025974025974025976,0.025974025974025976,0.0,0.0,0.0,0.0,0.0,0.0,0.0,0.0,0.0,0.0,0.0,0.0,0.0,0.0,0.0,0.0,0.0,0.0,0.0,0.0,0.0,0.0,0.0,0.0,0.0,0.0,0.0,0.0,0.0,0.0
"34-B1",0.0,0.0,0.0,0.0,0.0,0.017857142857142856,0.017857142857142856,0.05357142857142857,0.03571428571428571,0.0,0.017857142857142856,0.03571428571428571,0.0,0.0,0.0,0.0,0.0,0.0,0.0,0.0,0.03571428571428571,0.0,0.0,0.017857142857142856,0.017857142857142856,0.0,0.017857142857142856,0.0,0.03571428571428571,0.0,0.0,0.0,0.0,0.0,0.0,0.10714285714285714,0.0,0.0,0.0,0.017857142857142856,0.0,0.0,0.0,0.0,0.0,0.017857142857142856,0.0,0.0,0.017857142857142856,0.0,0.0,0.0,0.0,0.07142857142857142,0.0,0.0,0.0,0.0,0.0,0.0,0.0,0.0,0.0,0.0,0.0,0.0,0.0,0.0,0.0,0.0,0.0,0.0,0.0,0.0,0.0,0.03571428571428571,0.0,0.0,0.0,0.0,0.0,0.0,0.0,0.0,0.017857142857142856,0.0,0.0,0.0,0.0,0.0,0.0,0.017857142857142856,0.017857142857142856,0.017857142857142856,0.0,0.0,0.0,0.0,0.03571428571428571,0.0,0.0,0.0,0.0,0.0,0.0,0.0,0.0,0.0,0.0,0.0,0.0,0.0,0.0,0.0,0.0,0.0,0.0,0.0,0.0,0.0,0.0,0.0,0.0,0.0,0.0,0.0,0.0,0.0,0.0,0.0,0.017857142857142856,0.05357142857142857,0.0,0.0,0.0,0.0,0.0,0.0,0.03571428571428571,0.017857142857142856,0.0,0.0,0.0,0.0,0.0,0.0,0.0,0.0,0.0,0.0,0.0,0.0,0.0,0.0,0.0,0.0,0.0,0.0,0.0,0.0,0.0,0.0,0.0,0.0,0.0,0.0,0.0,0.0,0.0,0.05357142857142857,0.0,0.017857142857142856,0.0,0.0,0.0,0.0,0.0,0.017857142857142856,0.0,0.0,0.0,0.017857142857142856,0.017857142857142856,0.017857142857142856,0.0,0.0,0.0,0.0,0.0,0.0,0.0,0.0,0.0,0.0,0.017857142857142856,0.0,0.0,0.0,0.0,0.0,0.0,0.017857142857142856,0.0,0.0,0.0,0.0,0.0,0.0,0.0,0.0,0.0,0.0,0.017857142857142856
"35-B2",0.0,0.0,0.0,0.0,0.0,0.006666666666666667,0.02,0.09333333333333334,0.0,0.0,0.0,0.006666666666666667,0.0,0.0,0.0,0.0,0.0,0.0,0.0,0.0,0.006666666666666667,0.0,0.0,0.006666666666666667,0.0,0.013333333333333334,0.006666666666666667,0.0,0.0,0.0,0.006666666666666667,0.006666666666666667,0.0,0.0,0.0,0.05333333333333334,0.0,0.0,0.0,0.0,0.0,0.0,0.0,0.0,0.0,0.006666666666666667,0.0,0.0,0.006666666666666667,0.0,0.006666666666666667,0.0,0.0,0.006666666666666667,0.0,0.0,0.0,0.0,0.0,0.0,0.006666666666666667,0.0,0.0,0.0,0.0,0.02,0.06,0.0,0.0,0.0,0.0,0.0,0.0,0.0,0.0,0.0,0.0,0.0,0.0,0.0,0.0,0.0,0.0,0.0,0.0,0.0,0.0,0.0,0.0,0.0,0.006666666666666667,0.006666666666666667,0.006666666666666667,0.006666666666666667,0.0,0.0,0.0,0.0,0.006666666666666667,0.0,0.0,0.0,0.0,0.0,0.0,0.0,0.0,0.0,0.0,0.0,0.0,0.013333333333333334,0.0,0.013333333333333334,0.013333333333333334,0.0,0.0,0.0,0.0,0.0,0.0,0.0,0.0,0.0,0.02,0.05333333333333334,0.0,0.006666666666666667,0.0,0.006666666666666667,0.02666666666666667,0.013333333333333334,0.0,0.013333333333333334,0.0,0.006666666666666667,0.0,0.0,0.006666666666666667,0.006666666666666667,0.0,0.0,0.0,0.0,0.0,0.0,0.02,0.02,0.0,0.013333333333333334,0.0,0.006666666666666667,0.0,0.006666666666666667,0.0,0.0,0.0,0.0,0.02,0.0,0.013333333333333334,0.0,0.0,0.0,0.013333333333333334,0.006666666666666667,0.0,0.0,0.0,0.0,0.0,0.0,0.0,0.0,0.02666666666666667,0.0,0.04,0.02,0.006666666666666667,0.0,0.0,0.0,0.0,0.0,0.0,0.0,0.013333333333333334,0.0,0.006666666666666667,0.0,0.02666666666666667,0.0,0.11333333333333333,0.0,0.0,0.0,0.0,0.0,0.0,0.0,0.0,0.0,0.013333333333333334,0.0,0.0,0.0,0.006666666666666667,0.0,0.0,0.0,0.006666666666666667,0.0,0.02666666666666667
"36-B3",0.0,0.0,0.0,0.0,0.0,0.015037593984962405,0.03759398496240601,0.10776942355889724,0.0,0.0,0.0,0.005012531328320802,0.0,0.0,0.0,0.002506265664160401,0.002506265664160401,0.0,0.0,0.0,0.005012531328320802,0.0,0.0,0.02756892230576441,0.0,0.0,0.002506265664160401,0.0,0.0,0.0,0.002506265664160401,0.002506265664160401,0.0,0.0,0.03258145363408521,0.007518796992481203,0.002506265664160401,0.002506265664160401,0.0,0.005012531328320802,0.0,0.0,0.0,0.0,0.0,0.010025062656641603,0.002506265664160401,0.002506265664160401,0.010025062656641603,0.0,0.007518796992481203,0.0,0.0,0.03007518796992481,0.0,0.0,0.0,0.0,0.0,0.007518796992481203,0.0,0.0,0.0,0.0,0.0,0.010025062656641603,0.012531328320802004,0.0,0.0,0.0,0.0,0.0,0.0,0.0,0.0,0.0,0.0,0.002506265664160401,0.0,0.0,0.005012531328320802,0.0,0.0,0.002506265664160401,0.002506265664160401,0.002506265664160401,0.0,0.002506265664160401,0.0,0.0,0.0,0.002506265664160401,0.0,0.0,0.0,0.0,0.0,0.0,0.007518796992481203,0.0,0.005012531328320802,0.002506265664160401,0.0,0.002506265664160401,0.015037593984962405,0.0,0.0,0.0,0.0,0.0,0.0,0.002506265664160401,0.005012531328320802,0.005012531328320802,0.022556390977443608,0.0,0.0,0.0,0.0,0.0,0.0,0.0,0.0,0.0,0.0,0.0,0.0,0.0,0.002506265664160401,0.0,0.017543859649122806,0.005012531328320802,0.0,0.0,0.002506265664160401,0.0,0.0,0.0,0.002506265664160401,0.0,0.0,0.0,0.0,0.0,0.0,0.002506265664160401,0.002506265664160401,0.010025062656641603,0.0,0.0,0.0,0.022556390977443608,0.0,0.0,0.0,0.0,0.0,0.0,0.005012531328320802,0.0,0.002506265664160401,0.002506265664160401,0.0,0.0,0.017543859649122806,0.002506265664160401,0.002506265664160401,0.0,0.0,0.0,0.0,0.020050125313283207,0.0,0.0,0.03759398496240601,0.0,0.05263157894736842,0.02506265664160401,0.0,0.0,0.0,0.0,0.0,0.017543859649122806,0.0,0.005012531328320802,0.022556390977443608,0.0,0.005012531328320802,0.0,0.012531328320802004,0.0,0.022556390977443608,0.010025062656641603,0.022556390977443608,0.02506265664160401,0.07518796992481203,0.02506265664160401,0.015037593984962405,0.0,0.002506265664160401,0.002506265664160401,0.015037593984962405,0.0,0.0,0.002506265664160401,0.0,0.0,0.0,0.002506265664160401,0.012531328320802004,0.007518796992481203,0.020050125313283207
"37-B1",0.0,0.0,0.0,0.0,0.0,0.006060606060606061,0.01818181818181818,0.06363636363636363,0.0,0.0,0.0,0.0,0.0,0.0,0.0,0.006060606060606061,0.024242424242424242,0.0,0.0,0.0,0.0030303030303030303,0.0,0.0,0.00909090909090909,0.0,0.0,0.0030303030303030303,0.0,0.0,0.0,0.0,0.0,0.0,0.0,0.0,0.0030303030303030303,0.0,0.0,0.0,0.006060606060606061,0.0,0.0,0.0,0.0,0.0,0.006060606060606061,0.0,0.0,0.024242424242424242,0.006060606060606061,0.12424242424242424,0.0,0.0030303030303030303,0.16666666666666666,0.0,0.0,0.0,0.0,0.0,0.006060606060606061,0.0030303030303030303,0.0,0.0,0.0,0.0,0.00909090909090909,0.012121212121212121,0.0,0.0,0.0,0.0,0.0,0.0,0.0,0.0,0.0,0.0,0.0,0.0,0.0,0.0,0.0,0.0,0.0,0.0030303030303030303,0.0,0.0,0.006060606060606061,0.0,0.0,0.0,0.0030303030303030303,0.0030303030303030303,0.0030303030303030303,0.0030303030303030303,0.0,0.0,0.006060606060606061,0.006060606060606061,0.0,0.0,0.0,0.0,0.0,0.0,0.0,0.0,0.0,0.0,0.0,0.0,0.0030303030303030303,0.0030303030303030303,0.0030303030303030303,0.0030303030303030303,0.0,0.0,0.0,0.0,0.0,0.0,0.0,0.0,0.0,0.0,0.0,0.0,0.0,0.0,0.0,0.006060606060606061,0.0030303030303030303,0.0,0.0,0.0,0.006060606060606061,0.0,0.0,0.0030303030303030303,0.0030303030303030303,0.0,0.0,0.0030303030303030303,0.0030303030303030303,0.0030303030303030303,0.006060606060606061,0.00909090909090909,0.006060606060606061,0.0,0.0,0.0,0.021212121212121213,0.0,0.0,0.0,0.0030303030303030303,0.0,0.0,0.0,0.0,0.0,0.0,0.0,0.0,0.00909090909090909,0.0030303030303030303,0.0030303030303030303,0.0,0.0,0.0,0.0,0.00909090909090909,0.0,0.0,0.030303030303030304,0.0,0.030303030303030304,0.03939393939393939,0.0030303030303030303,0.0,0.0,0.0,0.0,0.00909090909090909,0.0,0.0030303030303030303,0.021212121212121213,0.0,0.00909090909090909,0.0,0.0,0.0,0.006060606060606061,0.0,0.006060606060606061,0.0,0.0,0.0,0.006060606060606061,0.0,0.0030303030303030303,0.00909090909090909,0.030303030303030304,0.0,0.0,0.0,0.0,0.0030303030303030303,0.0,0.0030303030303030303,0.12424242424242424,0.012121212121212121,0.0030303030303030303
"38-B2",0.0,0.0,0.0,0.0,0.003205128205128205,0.01282051282051282,0.028846153846153848,0.12179487179487179,0.003205128205128205,0.0,0.0,0.009615384615384616,0.0,0.0,0.0,0.0,0.0,0.0,0.0,0.0,0.003205128205128205,0.0,0.0,0.028846153846153848,0.003205128205128205,0.0,0.00641025641025641,0.003205128205128205,0.0,0.0,0.0,0.0,0.0,0.0,0.0,0.00641025641025641,0.0,0.0,0.0,0.003205128205128205,0.0,0.0,0.0,0.0,0.0,0.01282051282051282,0.0,0.0,0.00641025641025641,0.00641025641025641,0.035256410256410256,0.003205128205128205,0.0,0.08653846153846154,0.0,0.0,0.0,0.0,0.0,0.00641025641025641,0.003205128205128205,0.0,0.0,0.0,0.0,0.00641025641025641,0.019230769230769232,0.0,0.0,0.0,0.0,0.0,0.0,0.0,0.0,0.0,0.0,0.0,0.0,0.0,0.0,0.0,0.0,0.0,0.0,0.0,0.0,0.0,0.0,0.0,0.0,0.003205128205128205,0.0,0.003205128205128205,0.0,0.0,0.0,0.0,0.00641025641025641,0.0,0.009615384615384616,0.0,0.0,0.0,0.0,0.0,0.0,0.0,0.0,0.0,0.0,0.0,0.00641025641025641,0.003205128205128205,0.009615384615384616,0.0,0.0,0.0,0.0,0.0,0.0,0.0,0.0,0.003205128205128205,0.003205128205128205,0.0,0.0,0.0,0.0,0.0,0.009615384615384616,0.00641025641025641,0.0,0.0,0.0,0.0,0.0,0.0,0.003205128205128205,0.003205128205128205,0.0,0.0,0.0,0.0,0.0,0.00641025641025641,0.00641025641025641,0.016025641025641024,0.0,0.0,0.00641025641025641,0.02564102564102564,0.0,0.0,0.0,0.0,0.0,0.0,0.0,0.0,0.0,0.0,0.0,0.0,0.016025641025641024,0.0,0.0,0.0,0.003205128205128205,0.0,0.0,0.02564102564102564,0.0,0.0,0.041666666666666664,0.0,0.04487179487179487,0.04807692307692308,0.003205128205128205,0.0,0.0,0.0,0.0,0.019230769230769232,0.0,0.016025641025641024,0.019230769230769232,0.0,0.01282051282051282,0.0,0.01282051282051282,0.0,0.019230769230769232,0.00641025641025641,0.016025641025641024,0.0,0.0,0.0,0.04487179487179487,0.0,0.022435897435897436,0.009615384615384616,0.016025641025641024,0.0,0.0,0.0,0.0,0.003205128205128205,0.0,0.003205128205128205,0.03205128205128205,0.00641025641025641,0.00641025641025641
"39-B3",0.0,0.0,0.0,0.0,0.005934718100890208,0.008902077151335312,0.017804154302670624,0.032640949554896145,0.0,0.0,0.0,0.002967359050445104,0.0,0.0,0.0,0.0,0.0,0.0,0.0,0.0,0.0,0.0,0.002967359050445104,0.008902077151335312,0.0,0.0,0.002967359050445104,0.0,0.0,0.0,0.0,0.0,0.0,0.0,0.0,0.02373887240356083,0.0,0.0,0.0,0.002967359050445104,0.002967359050445104,0.0,0.0,0.0,0.0,0.01483679525222552,0.005934718100890208,0.002967359050445104,0.011869436201780416,0.0,0.08605341246290801,0.0,0.0,0.17507418397626112,0.0,0.0,0.002967359050445104,0.0,0.0,0.011869436201780416,0.002967359050445104,0.0,0.0,0.0,0.0,0.008902077151335312,0.02373887240356083,0.0,0.0,0.0,0.0,0.0,0.0,0.0,0.0,0.0,0.0,0.0,0.002967359050445104,0.0,0.0,0.002967359050445104,0.0,0.0,0.0,0.0,0.0,0.002967359050445104,0.0,0.0,0.0,0.002967359050445104,0.0,0.002967359050445104,0.0,0.0,0.0,0.008902077151335312,0.002967359050445104,0.0,0.0,0.0,0.008902077151335312,0.002967359050445104,0.0,0.0,0.0,0.0,0.0,0.0,0.0,0.0,0.0,0.002967359050445104,0.002967359050445104,0.0,0.0,0.0,0.0,0.0,0.0,0.0,0.0,0.0,0.0,0.0,0.0,0.0,0.0,0.0,0.011869436201780416,0.005934718100890208,0.0,0.0,0.0,0.002967359050445104,0.0,0.0,0.0,0.0,0.0,0.0,0.0,0.0,0.0,0.008902077151335312,0.026706231454005934,0.011869436201780416,0.002967359050445104,0.0,0.0,0.008902077151335312,0.0,0.002967359050445104,0.0,0.0,0.0,0.0,0.0,0.0,0.005934718100890208,0.005934718100890208,0.0,0.0,0.0,0.0,0.0,0.0,0.0,0.0,0.0,0.005934718100890208,0.0,0.0,0.04154302670623145,0.0,0.032640949554896145,0.03857566765578635,0.002967359050445104,0.0,0.0,0.0,0.0,0.011869436201780416,0.0,0.005934718100890208,0.02373887240356083,0.0,0.008902077151335312,0.0,0.008902077151335312,0.0,0.011869436201780416,0.008902077151335312,0.008902077151335312,0.0,0.0,0.0,0.01483679525222552,0.0,0.002967359050445104,0.005934718100890208,0.020771513353115726,0.0,0.0,0.0,0.005934718100890208,0.005934718100890208,0.0,0.005934718100890208,0.10385756676557864,0.008902077151335312,0.01483679525222552
"40-B1",0.0,0.02586206896551724,0.06896551724137931,0.02586206896551724,0.0,0.008620689655172414,0.0,0.02586206896551724,0.0,0.0,0.0,0.008620689655172414,0.0,0.0,0.0,0.0,0.0,0.0,0.0,0.0,0.1810344827586207,0.0,0.0,0.0,0.0,0.0,0.0,0.0,0.0,0.008620689655172414,0.017241379310344827,0.008620689655172414,0.0,0.0,0.0,0.017241379310344827,0.0,0.0,0.0,0.008620689655172414,0.0,0.0,0.0,0.0,0.0,0.0,0.0,0.0,0.0,0.0,0.0,0.0,0.0,0.0,0.0,0.0,0.0,0.0,0.0,0.0,0.0,0.0,0.0,0.0,0.0,0.0,0.008620689655172414,0.0,0.0,0.0,0.008620689655172414,0.017241379310344827,0.0,0.008620689655172414,0.0,0.0,0.0,0.0,0.02586206896551724,0.0,0.0,0.034482758620689655,0.0,0.0,0.0,0.0,0.0,0.0,0.0,0.0,0.008620689655172414,0.008620689655172414,0.0,0.008620689655172414,0.0,0.0,0.0,0.034482758620689655,0.034482758620689655,0.0,0.0,0.0,0.0,0.008620689655172414,0.0,0.0,0.0,0.0,0.0,0.0,0.0,0.0,0.0,0.0,0.0,0.0,0.0,0.0,0.0,0.0,0.017241379310344827,0.0,0.0,0.0,0.008620689655172414,0.0,0.0,0.0,0.0,0.0,0.0,0.02586206896551724,0.0,0.0,0.0,0.09482758620689655,0.0,0.0,0.04310344827586207,0.008620689655172414,0.0,0.008620689655172414,0.0,0.0,0.0,0.0,0.0,0.0,0.0,0.0,0.0,0.0,0.0,0.0,0.0,0.0,0.0,0.0,0.0,0.0,0.0,0.0,0.0,0.0,0.0,0.0,0.0,0.04310344827586207,0.0,0.0,0.0,0.0,0.0,0.0,0.0,0.0,0.0,0.008620689655172414,0.0,0.0,0.0,0.0,0.0,0.0,0.0,0.0,0.0,0.0,0.0,0.0,0.0,0.0,0.0,0.0,0.0,0.0,0.0,0.0,0.0,0.1206896551724138,0.0,0.0,0.0,0.0,0.0,0.0,0.0,0.0,0.0,0.0,0.0,0.0,0.008620689655172414
"41-B2",0.0,0.0,0.0,0.0,0.0,0.014545454545454545,0.04363636363636364,0.10909090909090909,0.0,0.0,0.007272727272727273,0.01090909090909091,0.0,0.0,0.0,0.0,0.0,0.0,0.0,0.0,0.0,0.0,0.0,0.01090909090909091,0.0,0.0,0.007272727272727273,0.0,0.0,0.0,0.0,0.0,0.01090909090909091,0.0,0.0,0.007272727272727273,0.0,0.0,0.0,0.0036363636363636364,0.0,0.0,0.0,0.0,0.0,0.01090909090909091,0.01090909090909091,0.0,0.0036363636363636364,0.0036363636363636364,0.0036363636363636364,0.0,0.0,0.02909090909090909,0.0,0.0,0.0,0.0,0.0,0.01090909090909091,0.0036363636363636364,0.0,0.0,0.0,0.0,0.02181818181818182,0.01090909090909091,0.0,0.0,0.0,0.0,0.0,0.0,0.0,0.0,0.0,0.0,0.0,0.0,0.0,0.0,0.0,0.0,0.0,0.0,0.0,0.0,0.0036363636363636364,0.0,0.0,0.0,0.0036363636363636364,0.0,0.0036363636363636364,0.0,0.0,0.0,0.0,0.0036363636363636364,0.0,0.0,0.0,0.0,0.0,0.0,0.0,0.0,0.0,0.0,0.0,0.0,0.007272727272727273,0.0,0.01090909090909091,0.03636363636363636,0.0,0.0,0.0,0.0,0.0,0.0,0.0,0.0,0.007272727272727273,0.0,0.0036363636363636364,0.0,0.0036363636363636364,0.0,0.007272727272727273,0.02909090909090909,0.0036363636363636364,0.0,0.0,0.0,0.0,0.0,0.0,0.0,0.0,0.0,0.0,0.0,0.0,0.0,0.0,0.0036363636363636364,0.007272727272727273,0.0,0.0,0.0,0.05090909090909091,0.0,0.0,0.0,0.0,0.0,0.0,0.0,0.0,0.0,0.007272727272727273,0.0,0.0,0.01090909090909091,0.01818181818181818,0.014545454545454545,0.0,0.01090909090909091,0.0,0.0,0.014545454545454545,0.0,0.0,0.06181818181818182,0.0,0.06181818181818182,0.05454545454545454,0.0,0.0,0.0,0.0,0.0,0.014545454545454545,0.0,0.0036363636363636364,0.007272727272727273,0.0,0.0036363636363636364,0.0,0.014545454545454545,0.0,0.007272727272727273,0.007272727272727273,0.0036363636363636364,0.0,0.0,0.02181818181818182,0.007272727272727273,0.0,0.0,0.0036363636363636364,0.025454545454545455,0.0,0.0,0.007272727272727273,0.0,0.0036363636363636364,0.0,0.01090909090909091,0.025454545454545455,0.025454545454545455,0.03272727272727273
"42-B3",0.0,0.0,0.0,0.014652014652014652,0.0,0.014652014652014652,0.018315018315018316,0.1794871794871795,0.0,0.0,0.03663003663003663,0.040293040293040296,0.0,0.0,0.0,0.0,0.0,0.0,0.0,0.0,0.01098901098901099,0.0,0.0,0.003663003663003663,0.0,0.0,0.0,0.0,0.0,0.0,0.0,0.0,0.0,0.0,0.018315018315018316,0.04395604395604396,0.0,0.0,0.0,0.0,0.0,0.007326007326007326,0.0,0.0,0.0,0.003663003663003663,0.0,0.0,0.0,0.0,0.029304029304029304,0.0,0.0,0.047619047619047616,0.0,0.0,0.003663003663003663,0.0,0.0,0.0,0.0,0.0,0.0,0.0,0.0,0.0,0.0,0.0,0.0,0.0,0.0,0.0,0.0,0.0,0.0,0.007326007326007326,0.0,0.0,0.003663003663003663,0.003663003663003663,0.0,0.0,0.0,0.0,0.0,0.0,0.0,0.0,0.0,0.0,0.0,0.003663003663003663,0.0,0.007326007326007326,0.0,0.0,0.0,0.01098901098901099,0.007326007326007326,0.0,0.0,0.0,0.0,0.003663003663003663,0.0,0.0,0.0,0.0,0.0,0.003663003663003663,0.0,0.0,0.0,0.0,0.0,0.0,0.0,0.0,0.01098901098901099,0.0,0.0,0.0,0.0,0.0,0.0,0.0,0.0,0.0,0.0,0.0,0.003663003663003663,0.01098901098901099,0.0695970695970696,0.03663003663003663,0.0,0.003663003663003663,0.0,0.0,0.003663003663003663,0.003663003663003663,0.0,0.0,0.0,0.0,0.0,0.0,0.0,0.02564102564102564,0.0,0.003663003663003663,0.0,0.040293040293040296,0.0,0.003663003663003663,0.0,0.0,0.0,0.0,0.0,0.0,0.0,0.0,0.0,0.0,0.003663003663003663,0.007326007326007326,0.003663003663003663,0.003663003663003663,0.0,0.0,0.0,0.007326007326007326,0.0,0.0,0.018315018315018316,0.0,0.03296703296703297,0.029304029304029304,0.003663003663003663,0.0,0.0,0.0,0.0,0.0,0.0,0.0,0.007326007326007326,0.0,0.003663003663003663,0.0,0.007326007326007326,0.0,0.007326007326007326,0.0,0.01098901098901099,0.0,0.0,0.0,0.007326007326007326,0.0,0.0,0.003663003663003663,0.018315018315018316,0.0,0.0,0.003663003663003663,0.0,0.0,0.0,0.003663003663003663,0.029304029304029304,0.02564102564102564,0.02197802197802198
"44-B2",0.0,0.0,0.0,0.0,0.0,0.02127659574468085,0.014184397163120567,0.09929078014184398,0.0,0.0070921985815602835,0.0,0.0070921985815602835,0.04964539007092199,0.0,0.028368794326241134,0.0,0.0,0.0,0.0,0.0,0.0070921985815602835,0.0,0.0,0.014184397163120567,0.0,0.0,0.0070921985815602835,0.0,0.0,0.0,0.0,0.0,0.0,0.0070921985815602835,0.03546099290780142,0.16312056737588654,0.0,0.0,0.0,0.0,0.0,0.0,0.0,0.0,0.0,0.0,0.0,0.0,0.0,0.0,0.0070921985815602835,0.0,0.0,0.028368794326241134,0.0,0.0,0.0070921985815602835,0.0,0.0,0.0070921985815602835,0.0070921985815602835,0.0,0.02127659574468085,0.014184397163120567,0.014184397163120567,0.0,0.02127659574468085,0.0,0.0,0.0070921985815602835,0.0,0.0,0.0,0.0,0.0,0.0,0.0,0.0,0.0,0.0,0.0,0.0,0.0,0.0070921985815602835,0.0070921985815602835,0.0070921985815602835,0.0,0.0,0.0,0.0,0.0,0.0070921985815602835,0.0,0.0070921985815602835,0.0,0.0,0.0,0.0,0.014184397163120567,0.0,0.0,0.0,0.0,0.0,0.0,0.0,0.0,0.0,0.0,0.0,0.0,0.0,0.0,0.0,0.0070921985815602835,0.0,0.0,0.0070921985815602835,0.0,0.0,0.0,0.0,0.0,0.0,0.0,0.0,0.0,0.0,0.0070921985815602835,0.0,0.0,0.02127659574468085,0.0,0.0070921985815602835,0.0,0.0070921985815602835,0.0,0.0,0.0,0.0,0.0,0.0,0.0,0.0,0.0,0.0,0.0,0.0070921985815602835,0.0,0.0,0.0,0.014184397163120567,0.0,0.0,0.0,0.0,0.0,0.0,0.0,0.0070921985815602835,0.0,0.0425531914893617,0.0,0.0,0.0070921985815602835,0.0,0.0,0.0,0.0,0.0,0.0070921985815602835,0.0070921985815602835,0.0,0.0070921985815602835,0.014184397163120567,0.0,0.028368794326241134,0.06382978723404255,0.0,0.0,0.0,0.014184397163120567,0.0,0.0070921985815602835,0.0070921985815602835,0.0,0.0,0.0,0.0,0.0,0.0,0.0,0.0,0.0,0.0070921985815602835,0.0,0.0,0.0,0.0,0.0,0.0,0.0,0.0070921985815602835,0.0070921985815602835,0.0070921985815602835,0.0,0.0,0.0,0.0,0.0,0.014184397163120567,0.02127659574468085,0.0
"45-B3",0.0,0.0,0.0,0.004201680672268907,0.0,0.008403361344537815,0.0,0.07983193277310924,0.0,0.01680672268907563,0.004201680672268907,0.05042016806722689,0.0,0.008403361344537815,0.0,0.0,0.0,0.01680672268907563,0.046218487394957986,0.0,0.01680672268907563,0.004201680672268907,0.0,0.008403361344537815,0.012605042016806723,0.0,0.004201680672268907,0.0,0.0,0.0,0.0,0.0,0.0,0.0,0.004201680672268907,0.012605042016806723,0.0,0.0,0.0,0.0,0.0,0.0,0.0,0.0,0.0,0.0,0.0,0.0,0.0,0.0,0.0,0.0,0.0,0.0,0.0,0.0,0.0,0.0,0.0,0.0,0.0,0.0,0.0,0.0,0.0,0.0,0.0,0.0,0.0,0.004201680672268907,0.0,0.0,0.0,0.0,0.0,0.0,0.0,0.0,0.0,0.0,0.0,0.0,0.0,0.0,0.0,0.0,0.0,0.004201680672268907,0.0,0.0,0.004201680672268907,0.004201680672268907,0.0,0.004201680672268907,0.0,0.0,0.0,0.004201680672268907,0.008403361344537815,0.008403361344537815,0.025210084033613446,0.0,0.0,0.0,0.0,0.0,0.0,0.0,0.0,0.0,0.0,0.0,0.0,0.0,0.0,0.0,0.0,0.0,0.012605042016806723,0.004201680672268907,0.0,0.004201680672268907,0.0,0.0,0.012605042016806723,0.012605042016806723,0.0,0.0,0.0,0.0,0.004201680672268907,0.008403361344537815,0.0,0.0,0.0,0.02100840336134454,0.0,0.0,0.01680672268907563,0.008403361344537815,0.004201680672268907,0.0,0.0,0.0,0.0,0.0,0.0,0.008403361344537815,0.0,0.0,0.0,0.008403361344537815,0.0,0.0,0.0,0.0,0.0,0.08823529411764706,0.0,0.004201680672268907,0.012605042016806723,0.04201680672268908,0.0,0.0,0.046218487394957986,0.0,0.0,0.0,0.058823529411764705,0.0,0.008403361344537815,0.0,0.004201680672268907,0.0,0.06722689075630252,0.0,0.06722689075630252,0.05042016806722689,0.0,0.0,0.0,0.0,0.0,0.0,0.004201680672268907,0.0,0.008403361344537815,0.0,0.0,0.008403361344537815,0.0,0.0,0.008403361344537815,0.0,0.0,0.0,0.0,0.0,0.0,0.0,0.0,0.0,0.01680672268907563,0.0,0.0,0.0,0.0,0.0,0.0,0.0,0.008403361344537815,0.0,0.004201680672268907
"46-B1",0.0,0.0,0.0,0.0,0.0,0.014285714285714285,0.014285714285714285,0.05714285714285714,0.0,0.0,0.0,0.02857142857142857,0.0,0.0,0.0,0.0,0.0,0.0,0.0,0.0,0.014285714285714285,0.0,0.0,0.0,0.0,0.0,0.014285714285714285,0.0,0.0,0.0,0.0,0.0,0.0,0.0,0.0,0.014285714285714285,0.0,0.0,0.0,0.0,0.0,0.0,0.0,0.0,0.0,0.0,0.0,0.0,0.0,0.0,0.0,0.0,0.0,0.014285714285714285,0.0,0.0,0.0,0.0,0.0,0.014285714285714285,0.0,0.0,0.0,0.0,0.0,0.0,0.05714285714285714,0.0,0.0,0.014285714285714285,0.0,0.0,0.0,0.0,0.0,0.0,0.0,0.0,0.014285714285714285,0.0,0.014285714285714285,0.0,0.0,0.0,0.0,0.0,0.0,0.0,0.0,0.0,0.0,0.014285714285714285,0.0,0.014285714285714285,0.0,0.0,0.0,0.0,0.014285714285714285,0.0,0.0,0.0,0.0,0.0,0.0,0.0,0.0,0.0,0.0,0.0,0.0,0.0,0.0,0.014285714285714285,0.014285714285714285,0.0,0.0,0.0,0.0,0.0,0.0,0.0,0.02857142857142857,0.0,0.0,0.0,0.0,0.0,0.0,0.02857142857142857,0.02857142857142857,0.04285714285714286,0.0,0.0,0.0,0.02857142857142857,0.0,0.0,0.014285714285714285,0.0,0.0,0.0,0.0,0.0,0.0,0.0,0.0,0.0,0.0,0.0,0.0,0.08571428571428572,0.0,0.0,0.0,0.0,0.0,0.0,0.0,0.0,0.0,0.0,0.0,0.0,0.0,0.0,0.0,0.0,0.0,0.0,0.0,0.08571428571428572,0.0,0.0,0.04285714285714286,0.0,0.02857142857142857,0.05714285714285714,0.0,0.0,0.0,0.0,0.0,0.014285714285714285,0.0,0.0,0.0,0.0,0.0,0.0,0.0,0.0,0.0,0.014285714285714285,0.014285714285714285,0.0,0.0,0.0,0.02857142857142857,0.0,0.0,0.0,0.014285714285714285,0.0,0.0,0.0,0.0,0.0,0.0,0.014285714285714285,0.02857142857142857,0.014285714285714285,0.02857142857142857
"47-B2",0.0,0.0,0.0,0.0,0.0,0.0,0.0,0.06382978723404255,0.0,0.0,0.0,0.0,0.0,0.0,0.0,0.0,0.0,0.0,0.0,0.0,0.0,0.0,0.02127659574468085,0.02127659574468085,0.0,0.0,0.0,0.0,0.0,0.0,0.0,0.0,0.0,0.0,0.02127659574468085,0.0851063829787234,0.0,0.0,0.0,0.0,0.0,0.0,0.0,0.0,0.0,0.0,0.0,0.0,0.0,0.0,0.0,0.0,0.0,0.0,0.0,0.0,0.0,0.0,0.0,0.02127659574468085,0.02127659574468085,0.0,0.0,0.0,0.0,0.0,0.0,0.0,0.0,0.0,0.0,0.0,0.10638297872340426,0.0,0.0,0.0,0.0,0.02127659574468085,0.0,0.0,0.0,0.0,0.0,0.0,0.0,0.0,0.0,0.0,0.0,0.0,0.0,0.02127659574468085,0.02127659574468085,0.02127659574468085,0.0,0.0,0.0,0.0425531914893617,0.02127659574468085,0.0,0.0,0.0,0.0,0.0,0.0,0.0,0.0,0.0,0.0,0.0,0.0,0.0,0.0,0.0,0.02127659574468085,0.0,0.0,0.0,0.0,0.0,0.0,0.0,0.0,0.0,0.02127659574468085,0.0,0.0,0.0,0.0,0.0,0.0,0.02127659574468085,0.0,0.0,0.0,0.0,0.0,0.0,0.1276595744680851,0.02127659574468085,0.0,0.0,0.0,0.0,0.0,0.0,0.0,0.0,0.0,0.0,0.0,0.0,0.0,0.0,0.0,0.0,0.0,0.0,0.0,0.0,0.0,0.02127659574468085,0.0851063829787234,0.0,0.0,0.0,0.0,0.0,0.0,0.0,0.0,0.0,0.0,0.0,0.0,0.0,0.0,0.02127659574468085,0.0,0.06382978723404255,0.02127659574468085,0.0,0.0,0.0,0.0,0.0,0.02127659574468085,0.0,0.02127659574468085,0.0,0.0,0.0,0.0,0.0,0.0,0.0,0.0,0.0,0.0,0.0,0.0,0.0,0.02127659574468085,0.0,0.0,0.0,0.0,0.0,0.0,0.0,0.0,0.0,0.0
"48-B3",0.0,0.0,0.0,0.014705882352941176,0.0,0.011029411764705883,0.014705882352941176,0.1323529411764706,0.0,0.0,0.003676470588235294,0.003676470588235294,0.0,0.0,0.0,0.0,0.0,0.0,0.0,0.0,0.007352941176470588,0.0,0.003676470588235294,0.01838235294117647,0.0,0.0,0.007352941176470588,0.0,0.0,0.0,0.0,0.0,0.0,0.0,0.011029411764705883,0.022058823529411766,0.0,0.0,0.0,0.003676470588235294,0.0,0.0,0.0,0.0,0.0,0.01838235294117647,0.01838235294117647,0.0,0.007352941176470588,0.0,0.0,0.0,0.0,0.01838235294117647,0.003676470588235294,0.014705882352941176,0.022058823529411766,0.003676470588235294,0.0,0.03308823529411765,0.003676470588235294,0.0,0.0,0.0,0.0,0.04411764705882353,0.03308823529411765,0.0,0.0,0.0,0.0,0.003676470588235294,0.0,0.0,0.0,0.0,0.0,0.0,0.0,0.0,0.0,0.0,0.0,0.0,0.0,0.0,0.0,0.01838235294117647,0.0,0.0,0.0,0.003676470588235294,0.003676470588235294,0.003676470588235294,0.0,0.0,0.0,0.0,0.003676470588235294,0.0,0.0,0.0,0.0,0.0,0.0,0.0,0.0,0.0,0.0,0.0,0.0,0.0,0.0,0.003676470588235294,0.0625,0.0,0.003676470588235294,0.0,0.0,0.0,0.0,0.0,0.0,0.0,0.0,0.0,0.0,0.0,0.0,0.0,0.01838235294117647,0.011029411764705883,0.0,0.003676470588235294,0.0,0.003676470588235294,0.0,0.0,0.0,0.0,0.0,0.0,0.0,0.0,0.0,0.0,0.0,0.003676470588235294,0.0,0.0,0.0,0.04411764705882353,0.0,0.011029411764705883,0.0,0.0,0.0,0.0,0.0,0.0,0.014705882352941176,0.022058823529411766,0.0,0.0,0.01838235294117647,0.003676470588235294,0.0,0.0,0.0,0.0,0.003676470588235294,0.0,0.0,0.0,0.03676470588235294,0.0,0.05514705882352941,0.029411764705882353,0.0,0.0,0.0,0.0,0.0,0.0,0.0,0.0,0.003676470588235294,0.0,0.0,0.0,0.007352941176470588,0.0,0.011029411764705883,0.0,0.029411764705882353,0.0,0.0,0.0,0.003676470588235294,0.0,0.0,0.0,0.022058823529411766,0.0,0.0,0.0,0.0,0.0,0.0,0.003676470588235294,0.03676470588235294,0.003676470588235294,0.01838235294117647
"49-B1",0.0,0.0,0.0,0.0,0.0,0.01532567049808429,0.0421455938697318,0.12260536398467432,0.0,0.0,0.0,0.007662835249042145,0.0,0.0,0.0,0.0,0.0,0.0,0.0,0.0,0.0,0.0,0.0,0.02681992337164751,0.0,0.0,0.0038314176245210726,0.0,0.0,0.0,0.0,0.0,0.0,0.0,0.0,0.007662835249042145,0.0,0.0,0.019157088122605363,0.011494252873563218,0.0038314176245210726,0.0038314176245210726,0.0038314176245210726,0.0,0.0038314176245210726,0.019157088122605363,0.011494252873563218,0.0038314176245210726,0.007662835249042145,0.0038314176245210726,0.022988505747126436,0.01532567049808429,0.0,0.0842911877394636,0.0,0.0,0.0,0.0,0.0,0.007662835249042145,0.0038314176245210726,0.0,0.0,0.0,0.0,0.0038314176245210726,0.019157088122605363,0.0038314176245210726,0.007662835249042145,0.0,0.0038314176245210726,0.0,0.0,0.0,0.0,0.0,0.0,0.0,0.0,0.0,0.0,0.0,0.0,0.0,0.0,0.0,0.0,0.0,0.0,0.0,0.0,0.0,0.0,0.0,0.0,0.0,0.0,0.0,0.007662835249042145,0.0,0.0,0.0,0.0,0.0,0.0,0.0,0.0,0.0,0.0,0.007662835249042145,0.0,0.0038314176245210726,0.0,0.0038314176245210726,0.011494252873563218,0.0,0.0,0.0,0.0,0.0,0.0,0.0,0.0,0.0,0.0,0.0,0.0,0.0,0.0,0.0,0.007662835249042145,0.0,0.0,0.0,0.0,0.0,0.0,0.0,0.0,0.0,0.0,0.0,0.0,0.0,0.0,0.0038314176245210726,0.0038314176245210726,0.011494252873563218,0.0,0.0,0.0,0.034482758620689655,0.0,0.0,0.0038314176245210726,0.0,0.0,0.0,0.0,0.0,0.0,0.0038314176245210726,0.0,0.0,0.019157088122605363,0.0,0.0,0.0,0.0,0.0,0.0,0.03065134099616858,0.0,0.0,0.07279693486590039,0.0,0.06130268199233716,0.0421455938697318,0.0,0.0,0.0,0.0,0.0038314176245210726,0.011494252873563218,0.0038314176245210726,0.011494252873563218,0.011494252873563218,0.0,0.0038314176245210726,0.0,0.0038314176245210726,0.0,0.0038314176245210726,0.011494252873563218,0.0038314176245210726,0.0038314176245210726,0.0,0.0,0.0038314176245210726,0.0,0.0,0.01532567049808429,0.022988505747126436,0.0,0.0,0.0038314176245210726,0.0038314176245210726,0.0038314176245210726,0.0,0.007662835249042145,0.011494252873563218,0.019157088122605363,0.01532567049808429
"50-B2",0.0,0.0,0.0,0.0,0.0,0.0165016501650165,0.033003300330033,0.13861386138613863,0.0,0.009900990099009901,0.0033003300330033004,0.0,0.0,0.0,0.0,0.0,0.0,0.0,0.0,0.0,0.0,0.0,0.0,0.019801980198019802,0.0,0.0,0.0033003300330033004,0.0,0.0,0.0,0.0,0.0,0.0,0.0,0.0,0.0429042904290429,0.0033003300330033004,0.0033003300330033004,0.0,0.0033003300330033004,0.0,0.0033003300330033004,0.0,0.0033003300330033004,0.0033003300330033004,0.026402640264026403,0.0033003300330033004,0.0,0.013201320132013201,0.006600660066006601,0.0165016501650165,0.0231023102310231,0.0,0.0627062706270627,0.0,0.0,0.0,0.0,0.006600660066006601,0.0033003300330033004,0.0033003300330033004,0.0,0.0,0.0,0.0,0.013201320132013201,0.019801980198019802,0.0,0.0033003300330033004,0.0,0.0,0.0,0.0,0.0,0.0,0.006600660066006601,0.0,0.0,0.0,0.0,0.0,0.0,0.0,0.0,0.0033003300330033004,0.013201320132013201,0.0,0.0033003300330033004,0.0,0.0033003300330033004,0.0033003300330033004,0.0033003300330033004,0.0033003300330033004,0.006600660066006601,0.0,0.0,0.0,0.0,0.006600660066006601,0.0,0.006600660066006601,0.0,0.0,0.0,0.0,0.006600660066006601,0.0,0.0033003300330033004,0.0,0.006600660066006601,0.0,0.0,0.0,0.0,0.0033003300330033004,0.0,0.0,0.0,0.0,0.0,0.0,0.0,0.0,0.0,0.0033003300330033004,0.07260726072607261,0.0,0.009900990099009901,0.0,0.0,0.0033003300330033004,0.0033003300330033004,0.0,0.0231023102310231,0.0,0.0,0.0,0.0,0.0033003300330033004,0.0,0.0,0.0,0.0,0.0033003300330033004,0.0,0.0033003300330033004,0.0,0.0,0.0,0.0,0.0,0.0165016501650165,0.0,0.0,0.0,0.0033003300330033004,0.0,0.0,0.0,0.0,0.0,0.006600660066006601,0.0,0.0,0.009900990099009901,0.0,0.0,0.0,0.0,0.0,0.0,0.009900990099009901,0.0,0.0,0.036303630363036306,0.0,0.033003300330033,0.0297029702970297,0.0,0.0,0.0,0.0,0.0,0.0,0.0,0.006600660066006601,0.006600660066006601,0.0,0.0033003300330033004,0.0,0.0,0.0,0.006600660066006601,0.009900990099009901,0.006600660066006601,0.0,0.0165016501650165,0.0,0.009900990099009901,0.0,0.0,0.006600660066006601,0.009900990099009901,0.0,0.0,0.0033003300330033004,0.0033003300330033004,0.0033003300330033004,0.0,0.0033003300330033004,0.0462046204620462,0.013201320132013201,0.006600660066006601
"52-B1",0.0,0.0,0.0,0.0,0.0,0.017543859649122806,0.08333333333333333,0.3026315789473684,0.0,0.0,0.0,0.013157894736842105,0.0,0.0,0.0,0.0,0.0,0.0,0.0,0.0,0.0,0.0,0.0043859649122807015,0.013157894736842105,0.0,0.0,0.0043859649122807015,0.0,0.0,0.0,0.0,0.0,0.0,0.0,0.0,0.021929824561403508,0.0,0.0,0.0,0.0,0.0,0.0,0.0,0.0,0.0,0.0043859649122807015,0.0043859649122807015,0.0,0.0043859649122807015,0.0,0.0043859649122807015,0.0,0.0,0.017543859649122806,0.0,0.0,0.0,0.0,0.0,0.008771929824561403,0.0,0.0,0.0,0.02631578947368421,0.0,0.013157894736842105,0.008771929824561403,0.0,0.0,0.0,0.0,0.0043859649122807015,0.0,0.0,0.0,0.0,0.0,0.0,0.0,0.0,0.0,0.0,0.013157894736842105,0.0,0.0,0.0,0.0,0.0,0.0,0.0043859649122807015,0.008771929824561403,0.0043859649122807015,0.0,0.0043859649122807015,0.0,0.0,0.0,0.0,0.008771929824561403,0.0,0.0,0.0,0.0,0.0,0.0,0.0,0.0,0.0043859649122807015,0.008771929824561403,0.008771929824561403,0.0,0.0043859649122807015,0.03070175438596491,0.0043859649122807015,0.008771929824561403,0.013157894736842105,0.0,0.0,0.0043859649122807015,0.0,0.0,0.0,0.0,0.0,0.0,0.02631578947368421,0.0,0.0043859649122807015,0.0,0.0,0.013157894736842105,0.0043859649122807015,0.0,0.0,0.0,0.0043859649122807015,0.0,0.0,0.0,0.0,0.0,0.0,0.0,0.0,0.0043859649122807015,0.0,0.0,0.0,0.0,0.0,0.0,0.039473684210526314,0.0043859649122807015,0.0043859649122807015,0.0,0.0,0.0,0.0,0.0,0.0,0.0043859649122807015,0.013157894736842105,0.0,0.0,0.0043859649122807015,0.0,0.0,0.0,0.0,0.0,0.0,0.0043859649122807015,0.0,0.0,0.039473684210526314,0.0,0.039473684210526314,0.03508771929824561,0.0,0.0,0.0,0.0,0.0,0.0,0.0,0.0,0.0,0.0,0.0,0.0,0.0043859649122807015,0.0,0.0,0.0043859649122807015,0.017543859649122806,0.0,0.0,0.0,0.008771929824561403,0.0,0.0,0.008771929824561403,0.008771929824561403,0.0,0.0,0.0,0.0,0.0,0.0,0.0,0.0043859649122807015,0.0,0.008771929824561403
"53-B2",0.0,0.0,0.0,0.0,0.0,0.012448132780082987,0.004149377593360996,0.03734439834024896,0.004149377593360996,0.0,0.0,0.008298755186721992,0.0,0.0,0.0,0.0,0.0,0.0,0.0,0.0,0.008298755186721992,0.0,0.0,0.016597510373443983,0.012448132780082987,0.0,0.008298755186721992,0.0,0.0,0.0,0.0,0.0,0.0,0.0,0.004149377593360996,0.029045643153526972,0.004149377593360996,0.004149377593360996,0.0,0.0,0.0,0.0,0.0,0.0,0.0,0.0,0.0,0.0,0.012448132780082987,0.0,0.0,0.0,0.0,0.004149377593360996,0.0,0.0,0.0,0.0,0.0,0.0,0.0,0.0,0.0,0.0,0.0,0.0,0.004149377593360996,0.0,0.0,0.0,0.0,0.0,0.0,0.0,0.0,0.03319502074688797,0.0,0.0,0.004149377593360996,0.0,0.0,0.0,0.0,0.004149377593360996,0.012448132780082987,0.0,0.0,0.008298755186721992,0.03734439834024896,0.024896265560165973,0.004149377593360996,0.004149377593360996,0.004149377593360996,0.004149377593360996,0.0,0.0,0.0,0.004149377593360996,0.004149377593360996,0.0,0.0,0.0,0.0,0.0,0.0,0.0,0.0,0.008298755186721992,0.004149377593360996,0.008298755186721992,0.0,0.004149377593360996,0.0,0.004149377593360996,0.004149377593360996,0.0,0.0,0.0,0.0,0.0,0.0,0.0,0.0,0.0,0.008298755186721992,0.029045643153526972,0.0,0.008298755186721992,0.0,0.0,0.03319502074688797,0.029045643153526972,0.004149377593360996,0.0,0.0,0.024896265560165973,0.0,0.0,0.0,0.0,0.0,0.0,0.06639004149377593,0.0,0.04979253112033195,0.0,0.0,0.0,0.0,0.0,0.0,0.07468879668049792,0.0,0.0,0.0,0.008298755186721992,0.024896265560165973,0.0,0.0,0.008298755186721992,0.0,0.004149377593360996,0.0,0.0,0.024896265560165973,0.0,0.0,0.0,0.0,0.0,0.0,0.004149377593360996,0.0,0.0,0.03734439834024896,0.02074688796680498,0.04979253112033195,0.06224066390041494,0.0,0.0,0.0,0.0,0.0,0.0,0.0,0.0,0.0,0.0,0.0,0.0,0.0,0.0,0.0,0.0,0.004149377593360996,0.0,0.0,0.0,0.0,0.0,0.0,0.0,0.024896265560165973,0.0,0.0,0.0,0.0,0.0,0.0,0.0,0.03734439834024896,0.0,0.004149377593360996
"54-B3",0.01,0.0,0.0,0.0,0.0,0.01,0.0,0.045,0.0,0.0,0.0,0.01,0.0,0.0,0.0,0.0,0.0,0.0,0.0,0.0,0.0,0.0,0.0,0.005,0.165,0.0,0.0,0.0,0.0,0.0,0.0,0.0,0.0,0.0,0.015,0.095,0.0,0.0,0.0,0.0,0.0,0.0,0.0,0.0,0.0,0.0,0.0,0.0,0.0,0.0,0.005,0.0,0.0,0.005,0.0,0.0,0.0,0.01,0.0,0.0,0.005,0.01,0.0,0.0,0.0,0.0,0.005,0.0,0.0,0.0,0.0,0.0,0.0,0.0,0.005,0.0,0.0,0.0,0.0,0.0,0.0,0.0,0.0,0.005,0.005,0.0,0.0,0.0,0.0,0.005,0.015,0.005,0.0,0.01,0.0,0.0,0.005,0.0,0.025,0.0,0.04,0.0,0.27,0.0,0.0,0.0,0.0,0.0,0.0,0.0,0.0,0.0,0.0,0.0,0.005,0.0,0.0,0.0,0.005,0.0,0.0,0.0,0.0,0.0,0.005,0.065,0.0,0.015,0.0,0.0,0.005,0.005,0.0,0.0,0.0,0.0,0.0,0.0,0.015,0.0,0.0,0.0,0.005,0.0,0.005,0.0,0.0,0.01,0.0,0.0,0.0,0.005,0.0,0.0,0.0,0.0,0.0,0.0,0.0,0.0,0.005,0.005,0.0,0.0,0.0,0.0,0.0,0.0,0.005,0.0,0.0,0.01,0.0,0.0,0.0,0.0,0.01,0.015,0.0,0.0,0.0,0.005,0.0,0.0,0.0,0.0,0.0,0.0,0.0,0.0,0.0,0.0,0.0,0.0,0.0,0.0,0.005,0.0,0.005,0.0,0.0,0.0,0.0,0.0,0.0,0.0,0.0,0.0,0.0,0.0,0.005,0.0,0.0
